PRAGMA foreign_keys=OFF;
BEGIN TRANSACTION;
CREATE TABLE tools (
  id INTEGER PRIMARY KEY,
  name TEXT NOT NULL,
  invocation TEXT,
  description TEXT NOT NULL
);
INSERT INTO tools VALUES(1,'bat','bat','A cat(1) clone with wings.');
INSERT INTO tools VALUES(2,'Chafa','chafa','Terminal graphics for the 21st century.');
INSERT INTO tools VALUES(3,'chezmoi','chezmoi','Manage your dotfiles across multiple diverse machines, securely.');
INSERT INTO tools VALUES(4,'cmus','cmus','Small, fast and powerful console music player for Unix-like operating systems.');
INSERT INTO tools VALUES(5,'csvlens','csvlens','Command line csv viewer');
INSERT INTO tools VALUES(6,'delta','delta','A syntax-highlighting pager for git, diff, grep, and blame output');
INSERT INTO tools VALUES(7,'eza','eza','A modern alternative to ls');
INSERT INTO tools VALUES(8,'fselect','fselect','Find files with SQL-like queries');
INSERT INTO tools VALUES(9,'hyperfine','hyperfine','A command-line benchmarking tool');
INSERT INTO tools VALUES(10,'presenterm','presenterm','A markdown terminal slideshow tool');
INSERT INTO tools VALUES(11,'procguard','procguard','Process supervisor for macOS: memory limits, CPU throttling, native boosted macOS timeout.');
INSERT INTO tools VALUES(12,'ranger','ranger','A VIM-inspired filemanager for the console');
INSERT INTO tools VALUES(13,'Starship','starship','The minimal, blazing-fast, and infinitely customizable prompt for any shell!');
INSERT INTO tools VALUES(14,'taproom','taproom','An interactive TUI for Homebrew');
INSERT INTO tools VALUES(15,'UUtils CoreUtils','N/A','Cross-platform Rust rewrite of the GNU coreutils');
INSERT INTO tools VALUES(16,'Yazi','yazi','Blazing fast terminal file manager written in Rust, based on async I/O.');
INSERT INTO tools VALUES(17,'Zellij','zellij','Terminal Workspace with Batteries Included (terminal multiplexer)');
INSERT INTO tools VALUES(18,'zoxide','zoxide','A smarter cd command. Supports all major shells.');
INSERT INTO tools VALUES(19,'llmfit','llmfit','497 models. 133 providers. One command to find what runs on your hardware.');
INSERT INTO tools VALUES(20,'models','models','CLI and TUI for browsing AI models, benchmarks, and coding agents.');
INSERT INTO tools VALUES(21,'Pywal','pywal','Generate and change color-schemes on the fly.');
INSERT INTO tools VALUES(22,'dua','dua','View disk space usage and delete unwanted data, fast.');
INSERT INTO tools VALUES(23,'dust','dust','A more intuitive version of du in rust');
INSERT INTO tools VALUES(24,'dysk','dysk','A linux utility to get information on filesystems, like df but better');
INSERT INTO tools VALUES(25,'fd','fd','A simple, fast and user-friendly alternative to ''find''');
INSERT INTO tools VALUES(26,'ncdu','ncdu','Ncdu (NCurses Disk Usage) is a disk usage analyzer with a text-mode user interface.');
INSERT INTO tools VALUES(27,'ncdu-zig','ncdu','Ncdu (NCurses Disk Usage) is a disk usage analyzer with a text-mode user interface.');
INSERT INTO tools VALUES(28,'Glow','glow','Render markdown on the CLI, with pizzazz!');
INSERT INTO tools VALUES(29,'tldr-pages','tldr','Collaborative cheatsheets for console commands');
INSERT INTO tools VALUES(30,'tldr-python-client','tldr','Official Python command-line client for tldr pages');
INSERT INTO tools VALUES(31,'tlrc','tldr','Official tldr client written in Rust.');
INSERT INTO tools VALUES(32,'trash-cli','trash-*','Command line interface to the freedesktop.org trashcan.');
INSERT INTO tools VALUES(33,'wiki-tui','wiki-tui','A simple and easy to use Wikipedia Text User Interface');
INSERT INTO tools VALUES(34,'Wikiman','wikiman','Wikiman is a universal offline documentation search engine for manual pages, tldr-pages, ArchWiki, Gentoo Wiki, DevDocs, and FreeBSD documentation');
INSERT INTO tools VALUES(35,'fff','fff','A simple file manager written in bash');
INSERT INTO tools VALUES(36,'jq','jq','Command-line JSON processor');
INSERT INTO tools VALUES(37,'yq','yq','yq is a portable command-line YAML, JSON, XML, CSV, TOML, HCL and properties processor');
INSERT INTO tools VALUES(38,'GitUI','gitui','Blazing fast terminal-ui for git written in rust');
INSERT INTO tools VALUES(39,'Lazygit','lazygit','simple terminal UI for git commands');
INSERT INTO tools VALUES(40,'Surge','surge','Blazing fast TUI download manager built in Go for power users');
INSERT INTO tools VALUES(41,'xh','xh','Friendly and fast tool for sending HTTP requests');
INSERT INTO tools VALUES(42,'btop','btop','Resource monitor that shows usage and stats for processor, memory, disks, network and processes.');
INSERT INTO tools VALUES(43,'PowerTOP','powertop','PowerTOP is a Linux tool to diagnose issues with power consumption and power management.');
INSERT INTO tools VALUES(44,'atuin','atuin','Sync, search and backup shell history');
INSERT INTO tools VALUES(45,'McFly','mcfly','Fly through your shell history. Great Scott!');
INSERT INTO tools VALUES(46,'just','just','Just a command runner');
INSERT INTO tools VALUES(47,'Kondo','kondo','Cleans dependencies and build artifacts from your projects.');
INSERT INTO tools VALUES(48,'mask','mask','A CLI task runner defined by a simple markdown file');
INSERT INTO tools VALUES(49,'mprocs','mprocs','Run multiple commands in parallel');
INSERT INTO tools VALUES(50,'asdf','asdf','Extendable version manager with support for Ruby, Node.js, Elixir, Erlang & more');
INSERT INTO tools VALUES(51,'bob','bob','A version manager for neovim');
INSERT INTO tools VALUES(52,'mise','mise','dev tools, env vars, task runner (nee rtx)');
CREATE TABLE tags (
  id INTEGER PRIMARY KEY,
  name TEXT NOT NULL UNIQUE,
  is_section INTEGER NOT NULL DEFAULT FALSE
);
INSERT INTO tags VALUES(1,'AI',1);
INSERT INTO tags VALUES(2,'Colors',1);
INSERT INTO tags VALUES(3,'Disk Usage',1);
INSERT INTO tags VALUES(4,'Documentation',1);
INSERT INTO tags VALUES(5,'File Managers',1);
INSERT INTO tags VALUES(6,'File Processors',1);
INSERT INTO tags VALUES(7,'Git',1);
INSERT INTO tags VALUES(8,'HTTP Request and Downloaders',1);
INSERT INTO tags VALUES(9,'Resource Monitors',1);
INSERT INTO tags VALUES(10,'Shell History',1);
INSERT INTO tags VALUES(11,'Task Runners',1);
INSERT INTO tags VALUES(12,'Version Managers',1);
INSERT INTO tags VALUES(13,'File System Search',1);
CREATE TABLE tools_tags_xref (
  id INTEGER PRIMARY KEY,
  tool_id INTEGER NOT NULL,
  tag_id INTEGER NOT NULL,
  UNIQUE(tool_id, tag_id)
);
INSERT INTO tools_tags_xref VALUES(1,19,1);
INSERT INTO tools_tags_xref VALUES(2,20,1);
INSERT INTO tools_tags_xref VALUES(3,21,2);
INSERT INTO tools_tags_xref VALUES(4,22,3);
INSERT INTO tools_tags_xref VALUES(5,23,3);
INSERT INTO tools_tags_xref VALUES(6,24,3);
INSERT INTO tools_tags_xref VALUES(7,25,13);
INSERT INTO tools_tags_xref VALUES(8,26,3);
INSERT INTO tools_tags_xref VALUES(9,27,3);
INSERT INTO tools_tags_xref VALUES(10,28,4);
INSERT INTO tools_tags_xref VALUES(11,29,4);
INSERT INTO tools_tags_xref VALUES(12,30,4);
INSERT INTO tools_tags_xref VALUES(13,31,4);
INSERT INTO tools_tags_xref VALUES(14,32,4);
INSERT INTO tools_tags_xref VALUES(15,33,4);
INSERT INTO tools_tags_xref VALUES(16,34,4);
INSERT INTO tools_tags_xref VALUES(17,35,5);
INSERT INTO tools_tags_xref VALUES(18,36,6);
INSERT INTO tools_tags_xref VALUES(19,37,6);
INSERT INTO tools_tags_xref VALUES(20,38,7);
INSERT INTO tools_tags_xref VALUES(21,39,7);
INSERT INTO tools_tags_xref VALUES(22,40,8);
INSERT INTO tools_tags_xref VALUES(23,41,8);
INSERT INTO tools_tags_xref VALUES(24,42,9);
INSERT INTO tools_tags_xref VALUES(25,43,9);
INSERT INTO tools_tags_xref VALUES(26,44,10);
INSERT INTO tools_tags_xref VALUES(27,45,10);
INSERT INTO tools_tags_xref VALUES(28,46,11);
INSERT INTO tools_tags_xref VALUES(29,47,11);
INSERT INTO tools_tags_xref VALUES(30,48,11);
INSERT INTO tools_tags_xref VALUES(31,49,11);
INSERT INTO tools_tags_xref VALUES(32,50,12);
INSERT INTO tools_tags_xref VALUES(33,51,12);
INSERT INTO tools_tags_xref VALUES(34,52,12);
CREATE TABLE implementation_languages (
  id INTEGER PRIMARY KEY,
  name TEXT NOT NULL UNIQUE
);
INSERT INTO implementation_languages VALUES(1,'Other');
INSERT INTO implementation_languages VALUES(2,'C');
INSERT INTO implementation_languages VALUES(3,'C++');
INSERT INTO implementation_languages VALUES(4,'Go');
INSERT INTO implementation_languages VALUES(5,'JavaScript');
INSERT INTO implementation_languages VALUES(6,'Lua');
INSERT INTO implementation_languages VALUES(7,'Markdown');
INSERT INTO implementation_languages VALUES(8,'PowerShell');
INSERT INTO implementation_languages VALUES(9,'Python');
INSERT INTO implementation_languages VALUES(10,'Ruby');
INSERT INTO implementation_languages VALUES(11,'Rust');
INSERT INTO implementation_languages VALUES(12,'Shell');
INSERT INTO implementation_languages VALUES(13,'TypeScript');
INSERT INTO implementation_languages VALUES(14,'Zig');
CREATE TABLE tools_languages_xref (
  id INTEGER PRIMARY KEY,
  tool_id INTEGER NOT NULL,
  language_id INTEGER NOT NULL,
  percentage REAL NOT NULL,
  UNIQUE(tool_id, language_id)
);
INSERT INTO tools_languages_xref VALUES(1,1,11,1.0);
INSERT INTO tools_languages_xref VALUES(2,2,2,1.0);
INSERT INTO tools_languages_xref VALUES(3,3,4,1.0);
INSERT INTO tools_languages_xref VALUES(4,4,2,1.0);
INSERT INTO tools_languages_xref VALUES(5,5,11,1.0);
INSERT INTO tools_languages_xref VALUES(6,6,11,1.0);
INSERT INTO tools_languages_xref VALUES(7,7,11,1.0);
INSERT INTO tools_languages_xref VALUES(8,8,11,1.0);
INSERT INTO tools_languages_xref VALUES(9,9,11,1.0);
INSERT INTO tools_languages_xref VALUES(10,10,11,1.0);
INSERT INTO tools_languages_xref VALUES(11,11,11,1.0);
INSERT INTO tools_languages_xref VALUES(12,12,9,1.0);
INSERT INTO tools_languages_xref VALUES(13,13,11,1.0);
INSERT INTO tools_languages_xref VALUES(14,14,4,1.0);
INSERT INTO tools_languages_xref VALUES(15,15,11,1.0);
INSERT INTO tools_languages_xref VALUES(16,16,11,1.0);
INSERT INTO tools_languages_xref VALUES(17,17,11,1.0);
INSERT INTO tools_languages_xref VALUES(18,18,11,1.0);
INSERT INTO tools_languages_xref VALUES(19,20,11,1.0);
INSERT INTO tools_languages_xref VALUES(20,21,9,1.0);
INSERT INTO tools_languages_xref VALUES(21,22,11,1.0);
INSERT INTO tools_languages_xref VALUES(22,23,11,1.0);
INSERT INTO tools_languages_xref VALUES(23,24,11,1.0);
INSERT INTO tools_languages_xref VALUES(24,25,11,1.0);
INSERT INTO tools_languages_xref VALUES(25,28,4,1.0);
INSERT INTO tools_languages_xref VALUES(26,32,11,1.0);
INSERT INTO tools_languages_xref VALUES(27,33,11,1.0);
INSERT INTO tools_languages_xref VALUES(28,34,12,1.0);
INSERT INTO tools_languages_xref VALUES(29,35,2,1.0);
INSERT INTO tools_languages_xref VALUES(30,36,2,1.0);
INSERT INTO tools_languages_xref VALUES(31,37,4,1.0);
INSERT INTO tools_languages_xref VALUES(32,38,11,1.0);
INSERT INTO tools_languages_xref VALUES(33,39,4,1.0);
INSERT INTO tools_languages_xref VALUES(34,40,4,1.0);
INSERT INTO tools_languages_xref VALUES(35,41,11,1.0);
INSERT INTO tools_languages_xref VALUES(36,43,3,1.0);
INSERT INTO tools_languages_xref VALUES(37,44,11,1.0);
INSERT INTO tools_languages_xref VALUES(38,45,11,1.0);
INSERT INTO tools_languages_xref VALUES(39,46,11,1.0);
INSERT INTO tools_languages_xref VALUES(40,47,11,1.0);
INSERT INTO tools_languages_xref VALUES(41,48,11,1.0);
INSERT INTO tools_languages_xref VALUES(42,49,11,1.0);
INSERT INTO tools_languages_xref VALUES(43,51,11,1.0);
INSERT INTO tools_languages_xref VALUES(44,50,4,0.4959999999999999965);
INSERT INTO tools_languages_xref VALUES(45,50,12,0.4560000000000000164);
INSERT INTO tools_languages_xref VALUES(46,50,9,0.01700000000000000122);
INSERT INTO tools_languages_xref VALUES(47,50,1,0.03099999999999999978);
INSERT INTO tools_languages_xref VALUES(48,42,3,0.7950000000000000399);
INSERT INTO tools_languages_xref VALUES(49,42,2,0.1849999999999999978);
INSERT INTO tools_languages_xref VALUES(50,42,1,0.02000000000000000041);
INSERT INTO tools_languages_xref VALUES(51,19,11,0.7810000000000000275);
INSERT INTO tools_languages_xref VALUES(52,19,9,0.1320000000000000062);
INSERT INTO tools_languages_xref VALUES(53,19,5,0.04700000000000000011);
INSERT INTO tools_languages_xref VALUES(54,19,12,0.01299999999999999941);
INSERT INTO tools_languages_xref VALUES(55,19,1,0.0269999999999999997);
INSERT INTO tools_languages_xref VALUES(56,52,11,0.7479999999999999983);
INSERT INTO tools_languages_xref VALUES(57,52,12,0.1690000000000000113);
INSERT INTO tools_languages_xref VALUES(58,52,6,0.04000000000000000083);
INSERT INTO tools_languages_xref VALUES(59,52,13,0.02900000000000000147);
INSERT INTO tools_languages_xref VALUES(60,52,8,0.05999999999999999778);
INSERT INTO tools_languages_xref VALUES(61,52,9,0.04000000000000000083);
INSERT INTO tools_languages_xref VALUES(62,52,1,0.04000000000000000083);
INSERT INTO tools_languages_xref VALUES(63,26,2,1.0);
INSERT INTO tools_languages_xref VALUES(64,27,14,1.0);
INSERT INTO tools_languages_xref VALUES(65,29,7,0.949999999999999956);
INSERT INTO tools_languages_xref VALUES(66,29,1,0.05000000000000000277);
INSERT INTO tools_languages_xref VALUES(67,30,9,1.0);
INSERT INTO tools_languages_xref VALUES(68,31,11,0.8890000000000000124);
INSERT INTO tools_languages_xref VALUES(69,31,12,0.03599999999999999727);
INSERT INTO tools_languages_xref VALUES(70,31,1,0.07499999999999999723);
CREATE TABLE tool_url_types(
  id INTEGER PRIMARY KEY,
  type TEXT NOT NULL UNIQUE
);
INSERT INTO tool_url_types VALUES(1,'Homepage');
INSERT INTO tool_url_types VALUES(2,'Repository');
INSERT INTO tool_url_types VALUES(3,'Documentation');
CREATE TABLE tool_urls(
  id INTEGER PRIMARY KEY,
  tool_id INTEGER NOT NULL,
  url_type_id INTEGER NOT NULL,
  url TEXT NOT NULL,
  UNIQUE(tool_id, url_type_id)
);
INSERT INTO tool_urls VALUES(1,1,3,'https://github.com/sharkdp/bat?tab=readme-ov-file#how-to-use');
INSERT INTO tool_urls VALUES(2,1,2,'https://github.com/sharkdp/bat');
INSERT INTO tool_urls VALUES(3,2,1,'https://hpjansson.org/chafa/');
INSERT INTO tool_urls VALUES(4,2,3,'https://hpjansson.org/chafa/man/');
INSERT INTO tool_urls VALUES(5,2,2,'https://github.com/hpjansson/chafa');
INSERT INTO tool_urls VALUES(6,3,1,'https://www.chezmoi.io/');
INSERT INTO tool_urls VALUES(7,3,3,'https://www.chezmoi.io/');
INSERT INTO tool_urls VALUES(8,3,2,'https://github.com/twpayne/chezmoi');
INSERT INTO tool_urls VALUES(9,4,1,'https://cmus.github.io/');
INSERT INTO tool_urls VALUES(10,4,3,'https://github.com/cmus/cmus/wiki/');
INSERT INTO tool_urls VALUES(11,4,2,'https://github.com/cmus/cmus');
INSERT INTO tool_urls VALUES(12,5,3,'https://github.com/YS-L/csvlens/blob/main/README.md');
INSERT INTO tool_urls VALUES(13,5,2,'https://github.com/YS-L/csvlens');
INSERT INTO tool_urls VALUES(14,6,1,'https://dandavison.github.io/delta/');
INSERT INTO tool_urls VALUES(15,6,3,'https://dandavison.github.io/delta/');
INSERT INTO tool_urls VALUES(16,6,2,'https://github.com/dandavison/delta');
INSERT INTO tool_urls VALUES(17,7,1,'https://eza.rocks/');
INSERT INTO tool_urls VALUES(18,7,3,'https://github.com/eza-community/eza');
INSERT INTO tool_urls VALUES(19,7,2,'https://github.com/eza-community/eza');
INSERT INTO tool_urls VALUES(20,8,1,'https://fselect.rocks/');
INSERT INTO tool_urls VALUES(21,8,3,'https://fselect.rocks/docs/usage.html');
INSERT INTO tool_urls VALUES(22,8,2,'https://github.com/jhspetersson/fselect');
INSERT INTO tool_urls VALUES(23,9,3,'https://github.com/sharkdp/hyperfine/blob/master/README.md');
INSERT INTO tool_urls VALUES(24,9,2,'https://github.com/sharkdp/hyperfine');
INSERT INTO tool_urls VALUES(25,10,1,'https://mfontanini.github.io/presenterm/');
INSERT INTO tool_urls VALUES(26,10,3,'https://mfontanini.github.io/presenterm/');
INSERT INTO tool_urls VALUES(27,10,2,'https://github.com/mfontanini/presenterm');
INSERT INTO tool_urls VALUES(28,11,3,'https://github.com/denispol/procguard/blob/main/docs/resource-limits.md');
INSERT INTO tool_urls VALUES(29,11,2,'https://github.com/denispol/procguard');
INSERT INTO tool_urls VALUES(30,12,1,'https://ranger.fm/');
INSERT INTO tool_urls VALUES(31,12,3,'https://ranger.fm/documentation.html');
INSERT INTO tool_urls VALUES(32,12,2,'https://github.com/ranger/ranger');
INSERT INTO tool_urls VALUES(33,13,1,'https://starship.rs/');
INSERT INTO tool_urls VALUES(34,13,3,'https://starship.rs/guide/');
INSERT INTO tool_urls VALUES(35,13,2,'https://github.com/starship/starship');
INSERT INTO tool_urls VALUES(36,14,3,'https://github.com/hzqtc/taproom/blob/main/README.md');
INSERT INTO tool_urls VALUES(37,14,2,'https://github.com/hzqtc/taproom');
INSERT INTO tool_urls VALUES(38,15,1,'https://uutils.github.io/coreutils/');
INSERT INTO tool_urls VALUES(39,15,3,'https://uutils.github.io/coreutils/docs/');
INSERT INTO tool_urls VALUES(40,15,2,'https://github.com/uutils/coreutils');
INSERT INTO tool_urls VALUES(41,16,1,'https://yazi-rs.github.io/');
INSERT INTO tool_urls VALUES(42,16,3,'https://yazi-rs.github.io/docs/installation');
INSERT INTO tool_urls VALUES(43,16,2,'https://github.com/sxyazi/yazi');
INSERT INTO tool_urls VALUES(44,17,1,'https://zellij.dev/');
INSERT INTO tool_urls VALUES(45,17,3,'https://zellij.dev/documentation/');
INSERT INTO tool_urls VALUES(46,17,2,'https://github.com/zellij-org/zellij');
INSERT INTO tool_urls VALUES(47,18,1,'https://zoxide.org/');
INSERT INTO tool_urls VALUES(48,18,3,'https://zoxide.org/tutorials/');
INSERT INTO tool_urls VALUES(49,18,2,'https://github.com/ajeetdsouza/zoxide');
INSERT INTO tool_urls VALUES(50,19,3,'https://github.com/AlexsJones/llmfit/blob/main/README.md');
INSERT INTO tool_urls VALUES(51,19,2,'https://github.com/AlexsJones/llmfit');
INSERT INTO tool_urls VALUES(52,20,3,'https://github.com/arimxyer/models/blob/main/README.md');
INSERT INTO tool_urls VALUES(53,20,2,'https://github.com/arimxyer/models');
INSERT INTO tool_urls VALUES(54,21,3,'https://jqlang.org/manual/');
INSERT INTO tool_urls VALUES(55,21,2,'https://github.com/dylanaraps/pywal');
INSERT INTO tool_urls VALUES(56,22,1,'https://lib.rs/crates/dua-cli');
INSERT INTO tool_urls VALUES(57,22,3,'https://lib.rs/crates/dua-cli');
INSERT INTO tool_urls VALUES(58,22,2,'https://github.com/Byron/dua-cli');
INSERT INTO tool_urls VALUES(59,23,3,'https://github.com/bootandy/dust/blob/master/README.md');
INSERT INTO tool_urls VALUES(60,23,2,'https://github.com/bootandy/dust');
INSERT INTO tool_urls VALUES(61,24,1,'https://dystroy.org/dysk/');
INSERT INTO tool_urls VALUES(62,24,3,'https://dystroy.org/dysk/');
INSERT INTO tool_urls VALUES(63,24,2,'https://github.com/Canop/dysk');
INSERT INTO tool_urls VALUES(64,25,3,'https://github.com/sharkdp/fd/blob/master/README.md');
INSERT INTO tool_urls VALUES(65,25,2,'https://github.com/sharkdp/fd');
INSERT INTO tool_urls VALUES(66,26,1,'https://dev.yorhel.nl/ncdu');
INSERT INTO tool_urls VALUES(67,26,2,'https://code.blicky.net/yorhel/ncdu/src/branch/master');
INSERT INTO tool_urls VALUES(68,27,1,'https://dev.yorhel.nl/ncdu');
INSERT INTO tool_urls VALUES(69,27,2,'https://code.blicky.net/yorhel/ncdu/src/branch/zig');
INSERT INTO tool_urls VALUES(70,28,1,'https://charm.land/apps/');
INSERT INTO tool_urls VALUES(71,28,3,'https://github.com/charmbracelet/glow/blob/master/README.md');
INSERT INTO tool_urls VALUES(72,28,2,'https://github.com/charmbracelet/glow');
INSERT INTO tool_urls VALUES(73,29,1,'https://tldr.sh/');
INSERT INTO tool_urls VALUES(74,29,3,'https://github.com/tldr-pages/tldr#what-is-tldr-pages');
INSERT INTO tool_urls VALUES(75,29,2,'https://github.com/tldr-pages/tldr');
INSERT INTO tool_urls VALUES(76,30,1,'https://pypi.org/project/tldr/');
INSERT INTO tool_urls VALUES(77,30,3,'https://github.com/tldr-pages/tldr-python-client?tab=readme-ov-file#usage');
INSERT INTO tool_urls VALUES(78,30,2,'https://github.com/tldr-pages/tldr-python-client');
INSERT INTO tool_urls VALUES(79,31,1,'https://tldr.sh/');
INSERT INTO tool_urls VALUES(80,31,3,'https://tldr.sh/tlrc/');
INSERT INTO tool_urls VALUES(81,31,2,'https://github.com/tldr-pages/tlrc');
INSERT INTO tool_urls VALUES(82,32,3,'https://github.com/andreafrancia/trash-cli/blob/master/README.rst');
INSERT INTO tool_urls VALUES(83,32,2,'https://github.com/andreafrancia/trash-cli');
INSERT INTO tool_urls VALUES(84,33,1,'https://github.com/Builditluc/wiki-tui');
INSERT INTO tool_urls VALUES(85,33,3,'https://wiki-tui.net/latest/getting-started/installation/');
INSERT INTO tool_urls VALUES(86,33,2,'https://github.com/Builditluc/wiki-tui');
INSERT INTO tool_urls VALUES(87,34,3,'https://github.com/filiparag/wikiman/blob/master/README.md');
INSERT INTO tool_urls VALUES(88,34,2,'https://github.com/filiparag/wikiman');
INSERT INTO tool_urls VALUES(89,35,3,'https://github.com/dylanaraps/fff/blob/master/README.md');
INSERT INTO tool_urls VALUES(90,35,2,'https://github.com/dylanaraps/fff');
INSERT INTO tool_urls VALUES(91,36,1,'https://jqlang.org/');
INSERT INTO tool_urls VALUES(92,36,3,'https://jqlang.org/manual/');
INSERT INTO tool_urls VALUES(93,36,2,'https://github.com/jqlang/jq');
INSERT INTO tool_urls VALUES(94,37,1,'https://mikefarah.gitbook.io/yq/');
INSERT INTO tool_urls VALUES(95,37,3,'https://mikefarah.gitbook.io/yq/');
INSERT INTO tool_urls VALUES(96,37,2,'https://github.com/mikefarah/yq');
INSERT INTO tool_urls VALUES(97,38,3,'https://github.com/gitui-org/gitui/blob/master/README.md');
INSERT INTO tool_urls VALUES(98,38,2,'https://github.com/gitui-org/gitui');
INSERT INTO tool_urls VALUES(99,39,3,'https://github.com/jesseduffield/lazygit/blob/master/README.md');
INSERT INTO tool_urls VALUES(100,39,2,'https://github.com/jesseduffield/lazygit');
INSERT INTO tool_urls VALUES(101,40,3,'https://github.com/surge-downloader/Surge/tree/main/docs');
INSERT INTO tool_urls VALUES(102,40,2,'https://github.com/surge-downloader/Surge');
INSERT INTO tool_urls VALUES(103,41,3,'https://github.com/ducaale/xh/blob/master/README.md');
INSERT INTO tool_urls VALUES(104,41,2,'https://github.com/ducaale/xh');
INSERT INTO tool_urls VALUES(105,42,3,'https://github.com/aristocratos/btop/blob/main/README.md');
INSERT INTO tool_urls VALUES(106,42,2,'https://github.com/aristocratos/btop');
INSERT INTO tool_urls VALUES(107,43,1,'https://web.archive.org/web/20200119052408/https://01.org/powertop/');
INSERT INTO tool_urls VALUES(108,43,3,'https://github.com/fenrus75/powertop/blob/master/README.md');
INSERT INTO tool_urls VALUES(109,43,2,'https://github.com/fenrus75/powertop');
INSERT INTO tool_urls VALUES(110,44,1,'https://atuin.sh/');
INSERT INTO tool_urls VALUES(111,44,3,'https://docs.atuin.sh/cli/');
INSERT INTO tool_urls VALUES(112,44,2,'https://github.com/atuinsh/atuin');
INSERT INTO tool_urls VALUES(113,45,2,'https://github.com/cantino/mcfly');
INSERT INTO tool_urls VALUES(114,46,1,'https://just.systems/');
INSERT INTO tool_urls VALUES(115,46,3,'https://just.systems/man/en/');
INSERT INTO tool_urls VALUES(116,46,2,'https://github.com/casey/just');
INSERT INTO tool_urls VALUES(117,47,3,'https://github.com/tbillington/kondo/blob/master/README.md');
INSERT INTO tool_urls VALUES(118,47,2,'https://github.com/tbillington/kondo');
INSERT INTO tool_urls VALUES(119,48,3,'https://github.com/jacobdeichert/mask/blob/master/README.md');
INSERT INTO tool_urls VALUES(120,48,2,'https://github.com/jacobdeichert/mask');
INSERT INTO tool_urls VALUES(121,49,3,'https://github.com/pvolok/mprocs/blob/master/README.md');
INSERT INTO tool_urls VALUES(122,49,2,'https://github.com/pvolok/mprocs');
INSERT INTO tool_urls VALUES(123,50,1,'https://asdf-vm.com/');
INSERT INTO tool_urls VALUES(124,50,3,'https://asdf-vm.com/guide/getting-started.html');
INSERT INTO tool_urls VALUES(125,50,2,'https://github.com/asdf-vm/asdf');
INSERT INTO tool_urls VALUES(126,51,3,'https://github.com/MordechaiHadad/bob?tab=readme-ov-file#-installation');
INSERT INTO tool_urls VALUES(127,51,2,'https://github.com/MordechaiHadad/bob');
INSERT INTO tool_urls VALUES(128,52,1,'https://mise.jdx.dev/');
INSERT INTO tool_urls VALUES(129,52,3,'https://mise.jdx.dev/getting-started.html');
INSERT INTO tool_urls VALUES(130,52,2,'https://github.com/jdx/mise');
COMMIT;
